codigo_postal,nom_colonia,cve_alcaldia,id_colonia
01000,San Ángel,010,10-192
01010,Los Alpes,010,10-010
01020,Guadalupe Inn,010,10-084
01030,Axotla,010,10-024
01030,Florida,010,10-073
01040,Campestre,010,
01049,Tlacopac,010,10-218
01050,Ex-Hacienda de Guadalupe Chimalistac,010,10-042
01060,Altavista,010,
01060,San Ángel Inn,010,10-193
01070,Chimalistac,010,10-042
01080,Progreso Tizapan,010,10-182
01089,Ermita Tizapan,010,
01090,La Otra Banda,010,10-108
01090,Loreto,010,10-145
01090,Tizapan,010,10-182
01100,Pólvora,010,10-174
01109,La Conchita,010,10-100
01110,Belém de las Flores,010,10-029
01110,El Capulín,010,10-059
01110,Ampliación El Capulín,010,10-059
01110,Liberales de 1857,010,10-121
01120,Acueducto,010,10-002
01120,Cove,010,10-049
01120,Hidalgo,010,10-070
01120,Las Américas,010,
01125,Ampliación Acueducto,010,10-002
01130,Paraíso,010,10-063
01130,Molino de Santo Domingo,010,10-159
01130,Real del Monte,010,10-189
01139,Reacomodo Pino Suárez,010,10-188
01140,Bellavista,010,10-031
01140,José Maria Pino Suárez,010,10-092
01150,Cristo Rey,010,10-050
01150,Tolteca,010,10-226
01160,Bosque,010,10-056
01160,Isidro Fabela,010,10-087
01160,Maria G. de García Ruiz,010,10-149
01160,1a Victoria,010,10-242
01170,Abraham M. González,010,10-001
01180,Carola,010,10-040
01180,8 de Agosto,010,10-161
01180,San Pedro de los Pinos,010,10-197
01200,Arturo Martínez,010,10-018
01210,Santa Fe,010,10-198
01219,Lomas de Santa Fe,010,10-140
01220,Bonanza,010,10-032
01220,Cuevitas,010,10-118
01220,El Cuernito,010,10-187
01220,Mártires de Tacubaya,010,10-150
01220,Zenón Delgado,010,10-239
01220,La Estrella,010,
01230,Campo de Tiro los Gamitos,010,10-035
01230,Los Gamitos,010,10-147
01230,Tlapechico,010,10-224
01230,El Piru Santa Fe,010,10-198
01230,El Piru 2a Ampliación,010,
01239,La Huerta,010,10-102
01240,Pueblo Nuevo,010,10-183
01250,El Árbol,010,10-054
01250,Ladera,010,10-113
01250,Lomas de Nuevo México,010,10-136
01250,Margarita Maza de Juárez,010,10-148
01250,Tecolalco,010,10-208
01259,Ampliación La Cebada,010,
01259,La Mexicana 2a Ampliación,010,10-106
01260,Calzada Jalalpa,010,10-034
01260,La Mexicana,010,10-106
01260,Ampliación La Mexicana,010,10-106
01260,La Palmita,010,10-109
01260,Liberación Proletaria,010,10-120
01269,1a Sección Cañada,010,10-096
01269,2a Sección Cañada,010,10-096
01270,El Tejocote,010,10-209
01270,La Presa,010,10-111
01270,Golondrinas,010,10-079
01270,Golondrinas 1a Sección,010,10-079
01270,Golondrinas 2a Sección,010,10-079
01270,Lomas de Capula,010,10-127
01275,Villa Solidaridad,010,10-237
01276,El Pirul,010,10-065
01278,Desarrollo Urbano,010,10-052
01279,Lomas de Becerra,010,10-124
01280,Arvide,010,10-019
01280,El Pocito,010,10-066
01280,Francisco Villa,010,10-074
01280,La Joya,010,10-103
01285,El Rodeo,010,10-067
01289,Reacomodo El Cuernito,010,10-187
01290,Piloto Adolfo López Mateos,010,10-171
01290,Presidentes,010,10-177
01296,Jalalpa Tepito 2a Ampliación,010,10-088
01296,Ampliación Jalalpa,010,10-088
01296,Jalalpa Tepito,010,10-090
01298,Ampliación Piloto Adolfo López Mateos,010,10-172
01299,1a Ampliación Presidentes,010,10-177
01299,2a Ampliación Presidentes,010,10-177
01310,San Gabriel,010,10-196
01320,Carlos A. Madrazo,010,
01330,Paseo de las Lomas,010,10-133
01340,Bejero del Pueblo Santa Fe,010,10-028
01376,Santa Fe,010,10-198
01376,Santa Fe Peña Blanca,010,10-198
01376,Santa Fe La Loma,010,10-104
01376,Santa Fe Centro Ciudad,010,10-198
01377,Jalalpa El Grande,010,10-089
01389,Santa Fe Tlayapaca,010,10-198
01400,Olivar del Conde 1a Sección,010,10-252
01400,Preconcreto,010,
01407,Galeana,010,10-075
01408,Olivar del Conde 2a Sección,010,10-254
01410,Barrio Norte,010,10-026
01410,Palmas,010,10-166
01419,Minas Cristo Rey,010,10-050
01420,Sacramento,010,
01420,Santa María Nonoalco,010,10-203
01430,Colina del Sur,010,10-044
01450,Hogar y Redención,010,10-086
01460,Alfonso XIII,010,10-009
01470,Alfalfar,010,10-008
01470,Molino de Rosas,010,10-157
01480,Lomas de Plateros,010,10-250
01490,La Cascada,010,10-097
01500,Santa Lucía,010,10-200
01500,Miguel Gaona Armenta,010,10-153
01509,Santa Lucía Chantepec,010,10-200
01510,Garcimarrero,010,10-076
01510,La Araña,010,10-095
01510,Los Cedros,010,10-146
01520,Ampliación Los Pirules,010,
01520,Estado de Hidalgo,010,10-071
01520,Ampliación Estado de Hidalgo,010,10-071
01520,Piru Santa Lucía,010,10-200
01520,El Politoco,010,10-015
01530,Corpus Christy,010,10-047
01538,Tepopotla,010,10-212
01539,Acuilotla,010,10-003
01539,Cooperativa Unión Olivos,010,10-233
01540,Balcones de Cehuayo,010,10-025
01540,Cehuaya,010,
01540,Llano Redondo,010,10-122
01540,Punta de Cehuaya,010,10-186
01548,Villa Progresista,010,10-236
01549,Dos Ríos del Pueblo Santa Lucía,010,10-053
01550,Tepeaca,010,10-210
01550,Ampliación Tepeaca,010,10-210
01550,Rinconada Las Cuevitas,010,10-118
01560,Ave Real,010,10-022
01560,Canutillo,010,10-038
01560,Canutillo 3a Sección,010,10-038
01560,Canutillo 2a Sección,010,10-038
01566,Hueytlale,010,
01569,Reacomodo Valentín Gómez Farías,010,10-235
01588,Tarango,010,10-033
01590,El Rincón,010,10-190
01600,Merced Gómez,010,10-151
01610,Colinas de Tarango,010,10-043
01610,Profesor J. Arturo López Martínez,010,10-018
01618,Arcos Centenario,010,10-016
01618,Ex-Hacienda de Tarango,010,
01619,La Martinica,010,10-105
01619,Rinconada de Tarango,010,10-051
01620,Lomas de Tarango,010,10-143
01630,Lomas de Puerta Grande,010,10-138
01630,Puerta Grande,010,10-138
01630,Los Juristas,010,10-093
01640,Herón Proal,010,10-085
01645,Ponciano Arriaga,010,10-175
01650,La Milagrosa,010,10-107
01650,Palmas Axotitla,010,10-167
01650,Tlacuitlapa,010,10-222
01650,Ampliación Tlacuitlapa,010,10-222
01650,2o Reacomodo Tlacuitlapa,010,10-222
01650,El Ruedo,010,10-068
01650,Santa Lucía Chantepec,010,10-200
01700,La Joyita del Pueblo Tetelpan,010,10-213
01700,Ocotillos del Pueblo Tetelpan,010,10-162
01700,San Agustín del Pueblo Tetelpan,010,10-213
01700,2a Del Moral del Pueblo Tetelpan,010,10-213
01700,Tecalcapa del Pueblo Tetelpan,010,10-213
01700,Tetelpan,010,10-213
01708,El Encino del Pueblo Tetelpan,010,10-213
01708,El Mirador del Pueblo Tetelpan,010,10-062
01710,Las Águilas,010,10-114
01710,Ampliación Alpes,010,10-010
01720,Lomas de Guadalupe,010,10-131
01729,Alcantarilla,010,10-007
01730,Lomas de las Águilas,010,10-133
01730,Puente Colorado,010,10-184
01740,La Peñita del Pueblo Tetelpan,010,10-213
01740,San Clemente Norte,010,10-195
01740,San Clemente Sur,010,10-195
01750,Las Águilas 1a Sección,010,10-114
01750,Las Águilas 2o Parque,010,10-114
01750,Las Águilas 3er. Parque,010,10-114
01759,Ampliación Las Águilas,010,10-114
01760,Atlamaya,010,10-021
01760,Flor de María,010,10-072
01760,La Herradura del Pueblo Tetelpan,010,10-101
01770,La Angostura,010,10-094
01770,San José del Olivar,010,
01780,Olivar de los Padres,010,10-163
01780,Tizampampano del Pueblo Tetelpan,010,10-213
01789,Miguel Hidalgo,010,10-154
01790,Lomas de los Ángeles del Pueblo Tetelpan,010,10-134
01790,Lomas de San Ángel Inn,010,10-139
01800,San Bartolo Ameyalco,010,10-194
01807,Rancho San Francisco Pueblo San Bartolo Ameyalco,010,10-194
01810,Villa Verdún,010,10-238
01820,Lomas Axomiatla,010,10-123
01820,Ejido San Mateo,010,
01830,Santa Rosa Xochiac,010,10-204
01840,Torres de Potrero,010,10-228
01849,Rincón de la Bolsa,010,10-190
01849,Rancho del Carmen del Pueblo San Bartolo Ameyalco,010,10-194
01857,Lomas de Chamontoya,010,10-130
01859,Tlacoyaque,010,10-219
01860,Lomas de La Era,010,10-132
01863,Lomas del Capulín,010,10-128
01870,Lomas de los Cedros,010,10-135
01900,Jardines del Pedregal,010,10-091
01904,San Jerónimo Aculco,010,
02000,Centro de Azcapotzalco,002,02-007
02010,Los Reyes,002,02-045
02010,San Rafael,002,02-086
02010,Nuevo Barrio San Rafael,002,02-086
02020,San Marcos,002,02-080
02020,Santo Tomás,002,02-099
02040,Del Maestro,002,02-017
02040,San Sebastián,002,02-088
02050,Libertad,002,02-044
02050,Santa María Malinalco,002,02-096
02060,Sindicato Mexicano de Electricistas,002,02-101
02060,Un Hogar Para Cada Trabajador,002,02-107
02070,Del Recreo,002,02-018
02070,Nextengo,002,02-049
02080,Clavería,002,02-008
02080,Sector Naval,002,02-100
02090,San Álvaro,002,02-070
02099,Ángel Zimbrón,002,02-005
02100,El Rosario,002,02-023
02120,San Martín Xochinahuac,002,02-081
02128,Nueva El Rosario,002,02-050
02129,Nueva España,002,02-051
02130,Tierra Nueva,002,02-103
02140,Santa Inés,002,02-094
02150,Pasteros,002,02-056
02160,Santo Domingo,002,02-098
02200,Reynosa Tamaulipas,002,02-067
02230,Santa Bárbara,002,02-090
02240,San Andrés,002,02-071
02250,Santa Catarina,002,02-091
02300,Industrial Vallejo,002,02-036
02310,Ferrería,002,02-028
02320,San Andrés de las Salinas,002,02-042
02330,Huautla de las Salinas,002,02-034
02340,Santa Cruz de las Salinas,002,02-093
02360,Las Salinas,002,02-042
02400,San Juan Tlihuaca,002,02-079
02410,Prados del Rosario,002,02-063
02420,Ex-Hacienda El Rosario,002,02-027
02440,Providencia,002,02-066
02459,Tezozomoc,002,02-102
02460,La Preciosa,002,02-040
02470,Ampliación Petrolera,002,02-059
02480,Petrolera,002,02-059
02490,San Mateo,002,02-082
02500,Unidad Cuitláhuac,002,
02519,El Jagüey,002,
02520,Estación Pantaco,002,
02530,Jardín Azpeitia,002,02-038
02600,Pro-Hogar,002,
02630,Coltongo,002,02-009
02640,Monte Alto,002,02-048
02650,Trabajadores de Hierro,002,02-106
02660,Euzkadi,002,02-026
02670,Cosmopolita,002,02-010
02680,Potrero del Llano,002,02-062
02700,San Miguel Amantla,002,02-069
02710,San Pedro Xalpa,002,02-085
02719,Ampliación San Pedro Xalpa,002,02-112
02720,San Antonio,002,02-074
02720,San Bartolo Cahualtongo,002,02-075
02730,San Francisco Tetecala,002,02-077
02750,Santiago Ahuizotla,002,02-097
02760,Industrial San Antonio,002,
02760,Santa Lucía,002,02-095
02770,Santa Cruz Acayucan,002,02-092
02780,Plenitud,002,02-060
02790,Santa Apolonia,002,02-089
02800,Nueva Santa María,002,02-052
02810,Ignacio Allende,002,02-035
02810,Victoria de las Democracias,002,02-108
02830,San Bernabé,002,02-076
02840,Obrero Popular,002,02-054
02860,Tlatilco,002,02-104
02870,San Salvador Xochimanca,002,02-087
02900,Aguilera,002,02-001
02910,Aldana,002,02-002
02920,Ampliación Cosmopolita,002,02-010
02930,Liberación,002,02-043
02940,Porvenir,002,02-061
02950,Del Gas,002,02-015
02960,San Francisco Xocotitla,002,02-078
02970,Ampliación Del Gas,002,02-015
02980,Arenal,002,02-006
02980,Patrimonio Familiar,002,02-057
02990,La Raza,002,02-041
03000,Piedad Narvarte,014,14-036
03010,Atenor Salas,014,14-007
03020,Narvarte Poniente,014,14-060
03023,Narvarte Oriente,014,14-060
03100,Del Valle Centro,014,14-053
03100,Insurgentes San Borja,014,14-018
03103,Del Valle Norte,014,14-053
03104,Del Valle Sur,014,14-053
03200,Tlacoquemécatl,014,14-046
03230,Actipan,014,14-002
03240,Acacias,014,14-001
03300,Portales Sur,014,14-066
03303,Portales Norte,014,14-066
03310,Santa Cruz Atoyac,014,14-045
03320,Residencial Emperadores,014,14-040
03330,Xoco,014,14-049
03340,General Pedro María Anaya,014,14-015
03400,Álamos,014,14-051
03410,Postal,014,14-039
03420,Miguel Alemán,014,14-024
03430,Josefa Ortiz de Domínguez,014,14-020
03440,Niños Héroes,014,14-031
03500,Nativitas,014,14-030
03510,Moderna,014,14-027
03520,Iztaccihuatl,014,14-019
03530,Villa de Cortés,014,14-048
03540,Del Carmen,014,14-022
03550,Zacahuitzco,014,14-050
03560,Albert,014,14-004
03570,Portales Oriente,014,14-038
03580,Miravalle,014,14-025
03590,Ermita,014,14-013
03600,Vértiz Narvarte,014,14-047
03610,Américas Unidas,014,
03620,Periodista,014,14-035
03630,Independencia,014,14-016
03640,Del Lago,014,
03650,Letrán Valle,014,14-021
03660,San Simón Ticumac,014,14-044
03700,Santa María Nonoalco,014,14-033
03710,Ciudad de los Deportes,014,14-009
03720,Nochebuena,014,
03730,San Juan,014,14-042
03740,Extremadura Insurgentes,014,14-014
03800,San Pedro de los Pinos,014,14-043
03810,Nápoles,014,14-028
03820,8 de Agosto,014,14-034
03840,Ampliación Nápoles,014,14-028
03900,San José Insurgentes,014,14-041
03910,Mixcoac,014,14-026
03920,Insurgentes Mixcoac,014,14-017
03930,Merced Gómez,014,14-023
03940,Crédito Constructor,014,14-010
04000,Villa Coyoacán,003,03-114
04010,Santa Catarina,003,03-106
04020,La Concepción,003,03-065
04030,San Lucas,003,03-103
04040,Parque San Andrés,003,03-085
04100,Del Carmen,003,03-037
04120,San Diego Churubusco,003,03-100
04120,San Mateo,003,03-104
04200,Campestre Churubusco,003,03-012
04210,Churubusco Country Club,003,03-025
04230,Prado Churubusco,003,03-094
04240,Hermosillo,003,03-053
04250,Paseos de Taxqueña,003,03-133
04260,San Francisco Culhuacán Barrio de San Francisco,003,03-101
04260,San Francisco Culhuacán Barrio de La Magdalena,003,03-101
04260,San Francisco Culhuacán Barrio de Santa Ana,003,03-101
04260,San Francisco Culhuacán Barrio de San Juan,003,03-101
04300,Ajusco,003,03-003
04310,Romero de Terreros,003,03-098
04318,Oxtopulco Universidad,003,03-084
04320,Cuadrante de San Francisco,003,03-035
04320,Pedregal de San Francisco,003,03-089
04330,El Rosedal,003,03-046
04330,Los Reyes,003,03-078
04330,Del Niño Jesús,003,03-038
04340,Copilco El Bajo,003,03-023
04360,Copilco El Alto,003,03-022
04360,Copilco Universidad,003,03-024
04369,Pedregal de Santo Domingo,003,03-139
04370,Atlántida,003,03-007
04370,Ciudad Jardín,003,03-020
04380,El Rosario,003,03-097
04380,La Candelaria,003,03-036
04390,Huayamilpas,003,03-003
04390,Estudiantes de 1968,003,
04400,Educación,003,03-039
04410,Petrolera Taxqueña,003,03-092
04420,Ex-Ejido de San Francisco Culhuacán,003,03-101
04440,Culhuacán CTM Sección V,003,
04440,Culhuacán CTM Sección II,003,
04440,Culhuacán CTM Sección I,003,
04450,El Centinela,003,03-042
04460,Avante,003,03-008
04470,Presidentes Ejidales 1a Sección,003,03-096
04470,Presidentes Ejidales 2a Sección,003,03-096
04480,Culhuacán CTM Sección VI,003,03-030
04480,Culhuacán CTM Sección III,003,
04480,Culhuacán CTM CROC,003,03-026
04480,Culhuacán CTM Sección X-A,003,
04489,Culhuacán CTM Sección VII,003,03-031
04490,Culhuacán CTM Sección Piloto,003,03-093
04490,Culhuacán CTM Canal Nacional,003,
04500,Jardines del Pedregal de San Ángel,003,03-062
04510,Universidad Nacional Autónoma de México,003,
04519,La Otra Banda,003,
04530,Insurgentes Cuicuilco,003,03-059
04600,Pedregal de Santa Úrsula,003,03-135
04610,Xotepingo,003,03-125
04620,San Pablo Tepetlapa,003,03-105
04630,Adolfo Ruiz Cortínes,003,03-126
04640,El Reloj,003,03-045
04650,Santa Úrsula Coapa,003,03-109
04660,Joyas del Pedregal,003,03-062
04700,Pedregal de Carrasco,003,03-087
04710,Olímpica,003,03-083
04730,Cantil del Pedregal,003,03-016
04730,Bosques de Tetlameya,003,03-009
04739,El Caracol,003,03-041
04800,Alianza Popular Revolucionaria,003,03-131
04800,Los Cedros,003,03-071
04810,Prados de Coyoacán,003,03-095
04815,Emiliano Zapata,003,03-048
04830,Los Cipreses,003,03-072
04840,Ex-Ejido de San Pablo Tepetlapa,003,03-105
04870,Espartaco,003,03-050
04890,Jardines de Coyoacán,003,03-061
04890,Los Olivos,003,03-076
04899,El Parque de Coyoacán,003,03-044
04909,Culhuacán CTM Sección VIII,003,03-033
04909,Culhuacán CTM Sección IX-A,003,
04909,Culhuacán CTM Sección IX-B,003,
04910,Carmen Serdán,003,03-017
04918,Cafetales,003,03-010
04919,Emiliano Zapata Fraccionamiento Popular,003,03-048
04920,Los Girasoles,003,03-073
04929,Las Campanas,003,03-069
04930,Santa Cecilia,003,03-107
04938,Campestre Coyoacán,003,03-013
04939,Culhuacán CTM Sección X,003,
04940,Los Sauces,003,03-080
04950,El Mirador,003,03-043
04960,Villa Quietud,003,03-122
04970,Haciendas de Coyoacán,003,03-052
04980,Ex-Ejido de Santa Úrsula Coapa,003,03-109
04980,Ex-Hacienda Coapa,003,03-051
04980,Viejo Ejido de Santa Úrsula Coapa,003,03-113
05000,Cuajimalpa,004,04-056
05010,Zentlapatl,004,04-052
05020,Loma del Padre,004,04-030
05030,San Pedro,004,04-056
05030,La Manzanita,004,
05050,San Pablo Chimalpa,004,04-047
05100,Lomas de Vista Hermosa,004,04-032
05110,Cooperativa Palo Alto,004,
05118,Granjas Palo Alto,004,04-038
05119,Campestre Palo Alto,004,
05120,Bosques de las Lomas,004,04-006
05129,Lomas del Chamizal,004,04-033
05200,San José de los Cedros,004,04-058
05219,Granjas Navidad,004,
05220,Tepetongo,004,04-050
05230,El Ébano,004,
05240,El Molino,004,04-017
05260,Jesús del Monte,004,04-022
05269,Amado Nervo,004,04-005
05270,Manzanastitla,004,04-034
05280,Adolfo López Mateos,004,04-002
05310,El Molinito,004,04-016
05320,El Yaqui,004,04-019
05330,Lomas de Memetla,004,04-031
05330,Memetla,004,04-035
05330,Ampliación Memetla,004,04-035
05330,Ampliación el Yaqui,004,04-019
05348,Santa Fe Cuajimalpa,004,
05360,Locaxco,004,
05370,Las Tinajas,004,04-028
05379,Lomas de San Pedro,004,
05400,El Tianguillo,004,04-018
05410,San Lorenzo Acopilco,004,04-045
05410,1° de Mayo,004,04-054
05500,Contadero,004,04-015
05520,La Venta,004,04-025
05530,Abdías García Soto,004,04-001
05600,San Mateo Tlaltenango,004,04-046
05610,Santa Rosa Xochiac,004,
05700,Cruz Blanca,004,04-011
05710,Las Maromas,004,
05730,Xalpa,004,04-051
05750,La Pila,004,04-023
05760,Las Lajas,004,04-026
05780,Agua Bendita,004,04-003
05790,Puerto Las Cruces,004,04-060
06000,Centro (Área 1),015,15-037
06010,Centro (Área 2),015,15-037
06020,Centro (Área 3),015,15-037
06030,Tabacalera,015,15-031
06040,Centro (Área 4),015,15-037
06050,Centro (Área 5),015,15-037
06060,Centro (Área 6),015,15-037
06070,Centro (Área 7),015,15-037
06080,Centro (Área 8),015,15-037
06090,Centro (Área 9),015,15-037
06100,Hipódromo,015,15-012
06140,Condesa,015,15-008
06170,Hipódromo Condesa,015,15-016
06200,Morelos,015,15-056
06220,Peralvillo,015,15-012
06240,Valle Gómez,015,15-033
06250,Ex-Hipódromo de Peralvillo,015,15-012
06270,Maza,015,15-018
06280,Felipe Pescador,015,15-013
06300,Guerrero,015,15-050
06350,Buenavista,015,15-035
06400,Santa María la Ribera,015,15-075
06430,Santa María Insurgentes,015,15-029
06450,Atlampa,015,15-004
06470,San Rafael,015,15-073
06500,Cuauhtémoc,015,15-009
06600,Juárez,015,15-017
06700,Roma Norte,015,15-068
06720,Doctores,015,15-045
06760,Roma Sur,015,15-071
06780,Buenos Aires,015,15-006
06800,Obrera,015,15-062
06820,Tránsito,015,15-032
06840,Esperanza,015,15-011
06850,Asturias,015,15-002
06860,Vista Alegre,015,15-034
06870,Paulino Navarro,015,15-022
06880,Algarin,015,15-001
06890,Ampliación Asturias,015,15-002
06900,Nonoalco Tlatelolco,015,
06920,San Simón Tolnáhuac,015,15-027
07000,Aragón la Villa,005,05-006
07010,Rosas del Tepeyac,005,05-148
07010,Santa Isabel Tola,005,05-170
07010,Tepetates,005,
07020,Tepeyac Insurgentes,005,05-181
07040,Santiago Atzacoalco,005,05-174
07050,Villa Gustavo A. Madero,005,05-199
07058,15 de Agosto,005,05-206
07060,Estanzuela,005,05-054
07069,Triunfo de La República,005,05-190
07070,La Cruz,005,05-095
07070,Dinamita,005,
07070,Martín Carrera,005,05-227
07080,Gabriel Hernández,005,05-063
07089,Ampliación Gabriel Hernández,005,05-063
07090,C.T.M. Atzacoalco,005,
07090,C.T.M. El Risco,005,
07100,Cuautepec Barrio Alto,005,05-034
07100,San Miguel,005,05-165
07109,San Antonio,005,05-150
07110,Lomas de Cuautepec,005,05-115
07119,Malacates,005,05-120
07119,Ampliación Malacates,005,05-120
07130,Compositores Mexicanos,005,05-028
07130,El Tepetatal,005,05-180
07140,Arboledas,005,05-007
07140,Ampliación Arboledas,005,
07140,Forestal,005,05-098
07140,Forestal I,005,05-098
07144,Forestal II,005,05-098
07144,La Lengüeta,005,
07149,Parque Metropolitano,005,05-135
07150,Juventino Rosas,005,05-092
07150,La Casilda,005,05-094
07160,Loma La Palma,005,05-114
07164,Luis Donaldo Colosio,005,05-118
07164,Tlacaélel,005,05-182
07164,Graciano Sánchez,005,05-069
07164,Prados de Cuautepec,005,05-139
07170,Palmatitla,005,05-132
07180,Cocoyotes,005,05-026
07180,General Felipe Berriozabal,005,05-065
07180,Ampliación Cocoyotes,005,05-026
07183,6 de Junio,005,05-211
07187,Vista Hermosa,005,05-202
07188,Tlalpexco,005,05-184
07189,Ahuehuetes,005,05-003
07190,Valle de Madero,005,05-192
07199,Del Carmen,005,05-049
07200,Cuautepec de Madero,005,05-033
07207,Del Bosque,005,05-038
07209,Guadalupe Victoria Cuautepec,005,05-075
07210,Chalma de Guadalupe,005,05-219
07214,Ampliación Chalma de Guadalupe,005,05-219
07220,Castillo Chico,005,05-020
07220,Castillo Grande,005,05-021
07224,Ampliación Castillo Grande,005,05-021
07230,Zona Escolar,005,05-205
07239,Zona Escolar Oriente,005,05-205
07240,El Arbolillo,005,05-045
07250,Benito Juárez,005,05-011
07259,Ampliación Benito Juárez,005,05-011
07268,Solidaridad Nacional,005,05-177
07270,Residencial Acueducto de Guadalupe,005,05-001
07279,Acueducto de Guadalupe,005,05-001
07280,Jorge Negrete,005,05-086
07290,La Pastora,005,05-106
07300,Lindavista Norte,005,05-225
07300,Lindavista Sur,005,05-225
07310,Candelaria Ticomán,005,05-093
07320,La Purísima Ticomán,005,05-111
07320,Residencial la Escalera,005,05-145
07330,Santa María Ticomán,005,
07340,La Laguna Ticomán,005,05-104
07340,San José Ticomán,005,05-154
07350,Guadalupe Ticomán,005,05-164
07350,San Juan y Guadalupe Ticomán,005,05-164
07359,San Rafael Ticomán,005,05-169
07360,San Pedro Zacatenco,005,05-168
07369,Residencial Zacatenco,005,05-146
07370,Capultitlan,005,05-018
07380,Maximino Ávila Camacho,005,05-126
07380,Tlacamaca,005,05-183
07400,Salvador Díaz Mirón,005,05-149
07410,Juan González Romero,005,05-091
07410,Villa Hermosa,005,05-200
07420,El Coyol,005,05-050
07420,Nueva Atzacoalco,005,05-229
07430,Del Obrero,005,05-039
07440,Vasco de Quiroga,005,05-196
07450,DM Nacional,005,05-040
07455,Ferrocarrilera,005,05-060
07456,LI Legislatura,005,05-210
07460,Granjas Modernas,005,
07469,Constitución de la República,005,05-029
07470,Ampliación San Juan de Aragón,005,05-156
07480,San Pedro El Chico,005,05-167
07500,La Pradera,005,05-108
07509,Pradera II Sección,005,05-108
07510,San Felipe de Jesús,005,05-237
07520,25 de Julio,005,05-208
07530,Campestre Aragón,005,05-215
07540,La Esmeralda,005,05-096
07550,Providencia,005,05-143
07560,Ampliación Providencia,005,05-234
07570,Villa de Aragón,005,05-213
07580,Ampliación Casas Alemán,005,05-218
07600,Progreso Nacional,005,05-141
07620,Santa Rosa,005,05-171
07630,San José de la Escalera,005,05-153
07640,Santiago Atepetlac,005,05-172
07650,Ampliación Progreso Nacional,005,05-232
07670,Guadalupe Proletaria,005,05-072
07680,Ampliación Guadalupe Proletaria,005,05-072
07700,Nueva Industrial Vallejo,005,05-129
07707,Siete Maravillas,005,05-176
07708,Torres Lindavista,005,05-188
07720,Lindavista Vallejo I Sección,005,05-225
07730,Churubusco Tepeyac,005,05-025
07730,Montevideo,005,
07730,San Bartolo Atepehuacan,005,05-151
07739,Planetario Lindavista,005,05-137
07740,Valle del Tepeyac,005,05-193
07750,Nueva Vallejo,005,05-131
07754,Lindavista Vallejo III Sección,005,05-225
07755,Lindavista Vallejo II Sección,005,05-226
07760,Magdalena de las Salinas,005,05-119
07770,Panamericana,005,05-133
07770,Ampliación Panamericana,005,05-133
07780,Defensores de La República,005,05-037
07780,Héroe de Nacozari,005,05-077
07790,Guadalupe Victoria,005,05-075
07790,Vallejo Poniente,005,05-195
07800,Industrial,005,05-129
07810,Estrella,005,05-055
07820,Aragón Inguarán,005,05-005
07820,Tres Estrellas,005,05-189
07830,Gertrudis Sánchez 1a Sección,005,05-066
07838,Gertrudis Sánchez 3a Sección,005,05-068
07839,Gertrudis Sánchez 2a Sección,005,05-067
07840,Guadalupe Tepeyac,005,05-074
07840,7 de Noviembre,005,05-212
07850,Bondojito,005,05-013
07850,Faja de Oro,005,05-058
07858,Ampliación Emiliano Zapata,005,05-052
07859,Ampliación Mártires de Río Blanco,005,05-124
07860,La Joyita,005,05-103
07860,Tablas de San Agustín,005,05-179
07869,Belisario Domínguez,005,05-010
07870,Guadalupe Insurgentes,005,05-071
07870,Vallejo,005,05-113
07880,Mártires de Río Blanco,005,05-124
07889,Emiliano Zapata,005,05-052
07890,Cuchilla La Joya,005,05-036
07890,La Joya,005,05-102
07890,Nueva Tenochtitlán,005,05-130
07899,La Malinche,005,05-105
07900,Cuchilla del Tesoro,005,05-035
07910,San Juan de Aragón VII Sección,005,05-043
07918,San Juan de Aragón VI Sección,005,05-043
07919,Ex Ejido San Juan de Aragón Sector 32,005,05-156
07920,El Olivo,005,05-051
07920,San Juan de Aragón,005,05-016
07930,Indeco,005,05-080
07939,Héroes de Chapultepec,005,05-078
07940,Ex Ejido San Juan de Aragón Sector 33,005,05-156
07950,San Juan de Aragón,005,05-016
07960,Héroes de Cerro Prieto,005,05-023
07960,Ex Escuela de Tiro,005,05-056
07960,Fernando Casas Alemán,005,05-059
07969,San Juan de Aragón I Sección,005,05-159
07969,San Juan de Aragón II Sección,005,05-242
07970,San Juan de Aragón III Sección,005,05-043
07979,San Juan de Aragón IV Sección,005,05-043
07979,San Juan de Aragón V Sección,005,05-043
07980,Narciso Bassols,005,05-127
07990,C.T.M. Aragón,005,
08000,Gabriel Ramos Millán Sección Bramadero,006,06-010
08010,Ex-Ejido de La Magdalena Mixiuhca,006,06-009
08020,Ampliación Gabriel Ramos Millán,006,06-002
08030,Gabriel Ramos Millán Sección Cuchilla,006,06-007
08040,Carlos Zapata Vela,006,06-004
08100,Agrícola Pantitlán,006,06-056
08200,Viaducto Piedad,006,06-038
08210,Nueva Santa Anita,006,06-032
08220,San Pedro,006,06-031
08230,San Francisco Xicaltongo,006,
08240,Santiago Norte,006,06-034
08300,Santa Anita,006,06-032
08310,La Cruz,006,06-017
08320,Fraccionamiento Coyuya,006,
08400,Granjas México,006,06-050
08420,Cuchilla Agrícola Oriental,006,06-006
08500,Agrícola Oriental,006,06-006
08510,El Rodeo,006,06-008
08600,La Asunción,006,06-016
08610,Zapotla,006,06-039
08620,Los Reyes,006,06-018
08650,San Miguel,006,06-030
08700,Juventino Rosas,006,06-054
08710,Tlazintla,006,06-037
08720,Gabriel Ramos Millán Sección Tlacotal,006,06-010
08730,Gabriel Ramos Millán,006,06-010
08760,INPI Picos,006,06-013
08760,Los Picos de Iztacalco Sección 2A,006,06-025
08760,Los Picos de Iztacalco Sección 1B,006,06-024
08770,Los Picos de Iztacalco Sección 1A,006,06-024
08800,Santiago Sur,006,06-035
08810,Reforma Iztaccíhuatl Norte,006,06-027
08830,Militar Marte,006,06-019
08840,Reforma Iztaccíhuatl Sur,006,06-028
08900,INFONAVIT Iztacalco,006,06-052
08910,Santa Cruz,006,06-033
08920,Jardines Tecma,006,06-014
08930,Campamento 2 de Octubre,006,06-048
09000,La Asunción,007,07-104
09000,San Ignacio,007,07-180
09000,San José,007,07-181
09000,San Lucas,007,07-195
09000,San Pablo,007,07-200
09000,San Pedro,007,07-202
09000,Santa Bárbara,007,07-205
09010,Real del Moral,007,07-169
09020,Doctor Alfonso Ortiz Tirado,007,07-041
09030,Paseos de Churubusco,007,07-157
09040,Central de Abasto,007,
09060,Escuadrón 201,007,07-071
09060,Sector Popular,007,07-220
09070,Granjas de San Antonio,007,07-086
09080,Cacama,007,07-020
09089,Unidad Modelo,007,
09090,Héroes de Churubusco,007,07-091
09099,Mexicaltzingo,007,07-138
09100,Juan Escutia,007,07-277
09130,San Lorenzo Xicotencatl,007,07-194
09140,Santa Martha Acatitla Norte,007,07-215
09180,Ermita Zaragoza,007,07-273
09200,Unidad Vicente Guerrero,007,07-242
09208,Chinampac de Juárez,007,07-262
09209,Renovación,007,07-171
09210,Tepalcates,007,07-301
09220,Unidad Ejército Constitucionalista,007,07-044
09230,Álvaro Obregón,007,07-005
09230,Ejército de Oriente,007,07-271
09230,El Paraíso,007,07-152
09230,José María Morelos y Pavón,007,07-101
09239,Ejército de Oriente Zona Peñón,007,
09240,Progresista,007,07-164
09250,La Regadera,007,07-116
09260,Constitución de 1917,007,07-266
09270,Colonial Iztapalapa,007,07-031
09280,Jacarandas,007,07-097
09290,Santa Cruz Meyehualco,007,07-124
09300,Guadalupe del Moral,007,07-088
09310,Leyes de Reforma 1a Sección,007,07-119
09310,Leyes de Reforma 2a Sección,007,07-120
09310,Leyes de Reforma 3a Sección,007,07-279
09319,Cuchilla del Moral,007,07-035
09320,Sideral,007,07-221
09350,Albarrada,007,
09359,Eva Sámano de López Mateos,007,
09360,San Miguel,007,07-196
09360,Ampliación San Miguel,007,07-184
09400,San Juanico Nextipac,007,07-188
09400,El Sifón,007,07-062
09410,Aculco,007,07-001
09410,Jardines de Churubusco,007,07-098
09410,Magdalena Atlazolpa,007,07-137
09410,San José Aculco,007,07-182
09420,Los Picos VI-B,007,07-133
09420,Nueva Rosita,007,07-112
09429,Purísima Atlazolpa,007,07-167
09430,Apatlaco,007,07-009
09430,El Triunfo,007,07-064
09438,Ampliación El Triunfo,007,07-064
09440,El Retoño,007,07-057
09440,San Andrés Tetepilco,007,07-175
09440,Zacahuitzco,007,07-251
09450,Banjidal,007,07-012
09460,Justo Sierra,007,07-103
09470,Sinatel,007,07-223
09479,Ampliación Sinatel,007,07-223
09480,El Prado,007,07-056
09500,Santa María Aztahuacán,007,07-297
09500,Santa María Aztahuacán Ampliación,007,07-297
09510,Santa Martha Acatitla,007,07-215
09520,El Edén,007,07-050
09520,San Sebastián Tecoloxtitla,007,07-203
09530,Santa Martha Acatitla Sur,007,07-215
09550,Monte Alban,007,07-146
09560,Paraje Zacatepec,007,07-155
09570,Santa María Aztahuacán,007,07-297
09578,Ejército de Agua Prieta,007,07-042
09600,Santiago Acahualtepec,007,07-219
09608,Santiago Acahualtepec 1ra. Ampliación,007,07-254
09609,Santiago Acahualtepec 2a. Ampliación,007,07-308
09620,Lomas de Zaragoza,007,07-125
09630,San Miguel Teotongo Sección Corrales,007,07-291
09630,San Miguel Teotongo Sección Acorralado,007,07-291
09630,San Miguel Teotongo Sección Avisadero,007,07-291
09630,San Miguel Teotongo Sección Capilla,007,07-291
09630,San Miguel Teotongo Sección Guadalupe,007,07-291
09630,San Miguel Teotongo Sección Iztlahuaca,007,07-291
09630,San Miguel Teotongo Sección Jardines,007,07-291
09630,San Miguel Teotongo Sección La Cruz,007,07-291
09630,San Miguel Teotongo Sección Loma Alta,007,07-291
09630,San Miguel Teotongo Sección Mercedes,007,07-291
09630,San Miguel Teotongo Sección Palmitas,007,07-151
09630,San Miguel Teotongo Sección Puente,007,07-291
09630,San Miguel Teotongo Sección Ranchito,007,07-291
09630,San Miguel Teotongo Sección Rancho Bajo,007,07-291
09630,San Miguel Teotongo Sección Torres,007,07-291
09637,Campestre Potrero,007,07-021
09638,Ampliación Emiliano Zapata,007,07-069
09640,Lomas de la Estancia,007,07-281
09640,Xalpa,007,07-289
09648,San Pablo,007,07-200
09660,Citlalli,007,07-030
09670,Palmitas,007,07-151
09680,Tenorios,007,07-229
09689,Barranca de Guadalupe,007,07-013
09690,Iztlahuacán,007,07-096
09696,Miravalles,007,07-143
09698,Miguel de La Madrid Hurtado,007,07-139
09700,Buenavista,007,07-156
09700,Carlos Hank González,007,07-023
09700,Desarrollo Urbano Quetzalcóatl,007,07-268
09700,Santa Cruz Meyehualco,007,07-124
09704,Degollado,007,07-038
09705,Degollado - Mexicatlalli,007,07-038
09706,San José Buenavista,007,07-183
09708,Mixcoatl,007,07-144
09709,Lomas de Santa Cruz,007,07-124
09710,Los Ángeles Apanoaya,007,07-131
09720,Francisco Villa,007,07-076
09720,La Era,007,07-106
09730,Reforma Política,007,07-287
09740,Presidentes de México,007,07-162
09750,Insurgentes,007,07-095
09750,La Polvorilla,007,07-114
09750,Las Peñas,007,07-118
09760,Consejo Agrarista Mexicano,007,07-264
09769,El Triángulo,007,07-063
09770,Puente Blanco,007,07-166
09780,Año de Juárez,007,07-007
09780,Lomas de San Lorenzo,007,07-283
09790,San Lorenzo Tezonco,007,07-190
09800,Culhuacán,007,07-037
09800,El Mirador,007,07-053
09800,Estrella Culhuacán,007,07-073
09800,Fuego Nuevo,007,07-077
09800,San Antonio Culhuacán,007,07-178
09800,San Simón Culhuacán,007,07-204
09800,Tula,007,07-234
09800,Valle de Luces,007,07-236
09810,Granjas Esmeralda,007,07-082
09810,Los Cipreses,007,07-132
09810,Minerva,007,07-141
09810,Progreso del Sur,007,07-165
09819,Valle del Sur,007,07-240
09820,El Santuario,007,07-060
09820,Estrella del Sur,007,07-074
09820,Ricardo Flores Magón,007,07-172
09820,Santa Isabel Industrial,007,07-226
09828,Ampliación Ricardo Flores Magón,007,07-172
09829,Ampliación El Santuario,007,07-060
09830,El Manto,007,07-051
09830,El Molino,007,07-054
09830,Lomas El Manto,007,07-126
09830,Los Ángeles,007,07-130
09830,Paraje San Juan,007,07-154
09837,San Miguel 8va. Ampliación,007,
09838,Plan de Iguala,007,
09839,Ampliación Paraje San Juan,007,07-154
09839,San Juan Joya,007,07-186
09840,Los Reyes Culhuacán,007,
09849,Ampliación Los Reyes,007,
09850,San Juan Xalpa,007,07-289
09850,San Nicolás Tolentino,007,07-198
09850,Santa María del Monte,007,07-211
09856,Estado de Veracruz,007,07-072
09856,Ampliación Veracruzana,007,07-241
09858,Paraje San Juan Cerro,007,07-154
09859,Benito Juárez,007,07-015
09860,Bellavista,007,07-014
09860,Ampliación Bellavista,007,
09860,Casa Blanca,007,07-025
09860,Cerro de La Estrella,007,07-260
09860,Parque Nacional Cerro de la Estrella,007,07-260
09860,El Rodeo,007,07-058
09868,San Juan Estrella,007,
09870,12 de Diciembre,007,07-253
09870,San Andrés Tomatlán,007,07-176
09870,Santa María Tomatlán,007,07-212
09880,El Vergel,007,07-066
09880,Granjas Estrella,007,07-083
09890,Lomas Estrella,007,07-127
09897,Carlos Jonguitud Barrios,007,
09900,Guadalupe,007,07-013
09900,San Antonio,007,07-086
09900,San Lorenzo,007,07-099
09910,La Esperanza,007,07-107
09920,José López Portillo,007,07-275
09930,El Rosario,007,07-059
09940,Jardines de San Lorenzo Tezonco,007,07-099
09960,Celoalliotli,007,
09960,USCOVI,007,07-235
09960,El Molino Tezonco,007,07-054
09960,Allapetlalli,007,
09960,La Planta,007,07-113
09969,Cananea,007,07-022
09970,Valle de San Lorenzo,007,07-303
10000,Lomas Quebradas,008,08-032
10010,La Malinche,008,08-025
10010,San Bartolo Ameyalco,008,08-041
10020,Cuauhtémoc,008,08-005
10130,El Maestro,008,
10200,San Jerónimo Lídice,008,08-045
10300,San Bernabé Ocotepec,008,08-042
10320,El Tanque,008,08-011
10330,Las Cruces,008,08-027
10340,Los Padres,008,08-033
10350,Lomas de San Bernabé,008,08-030
10360,Huayatla,008,08-014
10368,Ampliación Potrerillo,008,08-036
10369,Ampliación Lomas de San Bernabé,008,08-030
10369,Tierra Unida,008,08-052
10370,Palmas,008,08-029
10378,Atacaxco,008,08-001
10379,Vista Hermosa,008,08-053
10380,Barros Sierra,008,08-003
10400,San Jerónimo Aculco,008,08-045
10500,Barrio San Francisco,008,08-043
10580,Barranca Seca,008,08-002
10600,El Rosal,008,08-010
10610,El Toro,008,08-012
10620,Potrerillo,008,08-036
10630,El Ocotal,008,08-009
10640,La Carbonera,008,08-020
10640,Pueblo Nuevo Alto,008,08-038
10640,Pueblo Nuevo Bajo,008,08-039
10660,El Ermitaño,008,08-006
10700,Héroes de Padierna,008,08-013
10710,Santa Teresa,008,08-049
10800,La Cruz,008,08-022
10810,San Francisco,008,08-043
10820,La Guadalupe,008,08-023
10830,La Concepción,008,08-021
10840,Las Calles,008,08-026
10840,Plazuela del Pedregal,008,08-035
10900,San Nicolás Totolapan,008,08-047
10910,La Magdalena,008,08-024
10920,Las Huertas,008,08-028
10926,Tierra Colorada,008,08-051
11000,Lomas de Chapultepec I Sección,016,16-042
11000,Lomas de Chapultepec VIII Sección,016,16-042
11000,Lomas de Chapultepec II Sección,016,16-042
11000,Lomas de Chapultepec III Sección,016,16-097
11000,Lomas de Chapultepec IV Sección,016,16-042
11000,Lomas de Chapultepec V Sección,016,16-042
11000,Lomas de Chapultepec VI Sección,016,16-042
11000,Lomas de Chapultepec VII Sección,016,16-042
11040,Molino del Rey,016,16-053
11100,Bosque de Chapultepec II Sección,016,
11100,Bosque de Chapultepec III Sección,016,16-097
11200,Lomas Hermosa,016,
11200,Lomas de Sotelo,016,16-045
11210,San Lorenzo Tlaltenango,016,16-074
11220,Periodista,016,16-063
11230,Argentina Poniente,016,
11240,Ignacio Manuel Altamirano,016,16-034
11250,10 de Abril,016,16-085
11260,México Nuevo,016,16-050
11260,San Joaquín,016,16-073
11270,Argentina Antigua,016,16-014
11280,Torre Blanca,016,16-081
11289,Ampliación Torre Blanca,016,16-081
11290,Huíchapan,016,16-033
11290,San Diego Ocoyoacac,016,16-072
11300,Verónica Anzures,016,16-084
11310,Mariano Escobedo,016,16-010
11320,Anáhuac I Sección,016,16-088
11320,Anáhuac II Sección,016,16-089
11330,Un Hogar Para Nosotros,016,16-082
11340,Santo Tomas,016,16-076
11350,Plutarco Elías Calles,016,16-064
11360,Agricultura,016,16-001
11370,Tlaxpana,016,16-080
11400,Popotla,016,16-092
11410,Legaria,016,16-036
11410,Tacuba,016,16-077
11420,Nextitla,016,16-056
11430,Pensil Norte,016,16-060
11430,Ventura Pérez de Alva,016,16-083
11440,Reforma Pensil,016,16-069
11440,San Juanico,016,16-061
11450,Ahuehuetes Anáhuac,016,16-002
11450,Modelo Pensil,016,16-052
11450,Peralitos,016,16-011
11460,Dos Lagos,016,16-006
11460,Lago Norte,016,16-007
11460,Lago Sur,016,16-008
11460,Los Manzanos,016,16-009
11470,5 de Mayo,016,16-087
11470,Deportivo Pensil,016,16-028
11480,Francisco I Madero,016,16-030
11480,Popo,016,16-066
11489,Ampliación Popo,016,16-066
11490,Cuauhtémoc Pensil,016,16-023
11490,Pensil Sur,016,16-062
11500,Irrigación,016,16-035
11510,Polanco I Sección,016,
11520,Granada,016,16-031
11529,Ampliación Granada,016,16-031
11530,Polanco II Sección,016,
11540,Polanco III Sección,016,
11550,Polanco IV Sección,016,
11560,Polanco V Sección,016,
11570,Chapultepec Morales,016,16-021
11580,Bosque de Chapultepec I Sección,016,16-042
11590,Anzures,016,16-013
11600,Residencial Militar,016,
11610,Manuel Ávila Camacho,016,16-048
11619,Campo Militar 1,016,
11650,Reforma Social,016,16-070
11700,Bosque de las Lomas,016,16-019
11800,Escandón I Sección,016,16-090
11800,Escandón II Sección,016,16-091
11810,16 de Septiembre,016,16-086
11820,América,016,16-003
11830,Daniel Garza,016,16-024
11840,Ampliación Daniel Garza,016,16-024
11850,San Miguel Chapultepec I Sección,016,16-094
11850,San Miguel Chapultepec II Sección,016,16-095
11860,Observatorio,016,16-058
11870,Tacubaya,016,16-078
11910,Lomas de Bezares,016,16-041
11920,Real de las Lomas,016,16-019
11930,Lomas de Reforma,016,16-043
11950,Lomas Altas,016,16-039
12000,La Concepción,009,
12000,La Luz,009,
12000,Los Ángeles,009,
12000,San Mateo,009,
12000,Santa Cruz,009,
12000,Santa Martha,009,
12000,Villa Milpa Alta Centro,009,09-012
12070,San Agustin,009,09-001
12080,San Agustin Ohtenco,009,09-001
12100,Cruztitla,009,
12100,Tecaxtitla,009,
12100,Tenantitla,009,
12100,Xaltipac,009,
12100,Xochitepec,009,
12110,Emiliano Zapata,009,
12110,La Conchita,009,
12200,Nochtla,009,
12200,Ocotitla,009,
12200,Panchimalco,009,
12200,Tula,009,
12250,San Bartolomé Xicomulco,009,09-003
12300,San Salvador Cuauhtenco,009,09-010
12400,Centro,009,
12400,San Juan,009,09-006
12400,San Miguel,009,
12410,Chalmita,009,
12500,San Lorenzo Tlacoyucan,009,09-007
12600,San Jerónimo Miacatlán,009,09-005
12700,San Francisco Tecoxpa,009,09-004
12800,San Juan Tepenahuac,009,09-006
12910,La Lupita Teticpac,009,
12920,San Marcos,009,
12930,San Miguel,009,
12940,San José,009,
12950,La Lupita Xolco,009,
13000,La Asunción,011,
13010,Santa Cecilia,011,11-041
13020,San José,011,11-033
13030,San Juan,011,11-034
13040,San Mateo,011,
13050,La Habana,011,11-016
13060,La Guadalupe,011,
13060,Santa Ana,011,11-055
13070,La Magdalena,011,
13070,San Miguel,011,11-035
13080,Los Reyes,011,
13090,Quiahuatla,011,11-030
13093,San Sebastián,011,
13094,San Isidro,011,
13099,San Andrés,011,11-031
13100,La Guadalupe,011,
13120,Ampliación Santa Catarina,011,11-039
13120,Santiago,011,11-042
13150,La Concepción,011,
13180,San Miguel,011,11-035
13200,Miguel Hidalgo,011,11-025
13210,Los Olivos,011,11-024
13219,Las Arboledas,011,11-021
13219,Ampliación Los Olivos,011,11-024
13220,La Nopalera,011,11-019
13230,Granjas Cabrera,011,11-011
13250,La Turba,011,11-020
13270,Del Mar,011,11-003
13273,La Draga,011,11-014
13278,Villa Centroamericana,011,11-052
13280,Agrícola Metropolitana,011,11-001
13300,Santa Ana Centro,011,
13300,Santiago Centro,011,
13300,Santa Ana Poniente,011,11-055
13300,Santa Ana Norte,011,
13300,Santiago Norte,011,
13310,Zapotitla,011,11-036
13315,Ampliación Zapotitla,011,
13319,La Estación,011,11-015
13360,La Conchita Zapotitlán,011,11-056
13360,Santa Ana Sur,011,11-055
13360,Santiago Sur,011,11-042
13400,San Francisco Tlaltenco,011,11-032
13410,López Portillo,011,11-022
13419,Ampliación José López Portillo,011,11-022
13420,Selene,011,11-043
13430,Ampliación Selene,011,
13440,Zacatenco,011,
13450,Guadalupe Tlaltenco,011,
13450,Ojo de Agua,011,11-027
13460,El Triángulo,011,11-007
13508,San Agustín,011,
13508,La Soledad,011,
13509,La Concepción,011,
13510,La Lupita,011,
13520,Francisco Villa,011,11-010
13530,Jaime Torres Bodet,011,11-012
13530,La Asunción,011,
13540,El Rosario,011,11-006
13540,Tierra Blanca,011,11-050
13545,Ampliación La Conchita,011,11-056
13549,Peña Alta,011,11-029
13550,Jardines del Llano,011,11-013
13550,Potrero del Llano,011,
13600,San Bartolomé,011,
13610,Los Reyes,011,
13625,Santa Cruz,011,
13630,San Agustín,011,
13640,San Miguel,011,11-035
13700,San Nicolás Tetelco,011,11-037
13700,Tepantitlamilco,011,11-048
14000,Tlalpan Centro,012,12-177
14000,Tlalpan,012,12-008
14010,Parque del Pedregal,012,12-114
14020,Villa Olímpica,012,12-195
14030,Isidro Fabela,012,12-060
14039,Ampliación Isidro Fabela,012,12-061
14040,Cantera Puente de Piedra,012,12-018
14040,Pueblo Quieto,012,12-133
14049,Comuneros de Santa Úrsula,012,12-161
14050,Toriello Guerra,012,12-180
14060,Peña Pobre,012,
14070,Rómulo Sánchez Mireles,012,
14070,San Fernando,012,12-146
14070,San Pedro Apóstol,012,12-159
14080,Belisario Domínguez Sección XVI,012,12-165
14080,Del Niño Jesús,012,12-108
14090,La Joya,012,12-072
14100,Pedregal de San Nicolás 1A Sección,012,12-158
14100,Pedregal de San Nicolás 2A Sección,012,12-158
14100,Pedregal de San Nicolás 3A Sección,012,12-158
14100,Pedregal de San Nicolás 4A Sección,012,12-158
14100,Pedregal de San Nicolás 5ª Sección,012,12-158
14108,Chichicaspatl,012,12-019
14110,Ampliación Fuentes del Pedregal,012,12-049
14120,Rincón del Pedregal,012,12-085
14140,Fuentes del Pedregal,012,12-049
14150,Lomas del Pedregal Framboyanes,012,12-085
14160,Popular Santa Teresa,012,12-127
14200,Héroes de Padierna,012,12-209
14200,Jardines del Ajusco,012,12-066
14208,Colinas del Ajusco,012,
14209,Torres de Padierna,012,12-181
14210,Jardines en la Montaña,012,12-067
14219,Six Flags (Reino Aventura),012,
14219,Parque Nacional Bosque del Pedregal,012,12-085
14220,Cuchilla de Padierna,012,12-030
14220,Lomas del Pedregal,012,12-085
14230,Cultura Maya,012,12-032
14239,Los Encinos,012,12-087
14240,Lomas de Padierna,012,12-079
14240,Lomas Hidalgo,012,12-086
14248,Cruz del Farol,012,12-029
14250,Miguel Hidalgo 2A Sección,012,12-095
14250,Miguel Hidalgo 3A Sección,012,12-095
14250,Miguel Hidalgo 4A Sección,012,12-095
14250,Miguel Hidalgo,012,12-095
14260,El Capulín,012,
14260,Miguel Hidalgo 1A Sección,012,12-095
14266,Zacayucan Peña Pobre,012,
14267,De Caramagüey,012,
14268,La Lonja,012,12-069
14269,La Fama,012,12-070
14270,Primavera,012,12-076
14270,Verano,012,12-186
14275,Paraje 38,012,12-113
14300,Nueva Oriental Coapa,012,12-109
14300,Residencial Acoxpa,012,
14300,Residencial Miramontes,012,
14308,Ex Hacienda Coapa,012,12-109
14310,Belisario Domínguez,012,12-215
14310,Floresta Coyoacán,012,
14320,Vergel Coapa,012,
14325,Rinconada Coapa 2A Sección,012,12-130
14326,Tenorios,012,12-044
14330,Granjas Coapa,012,12-050
14330,Rinconada Coapa 1A Sección,012,
14340,Vergel de Coyoacán,012,
14340,Vergel del Sur,012,12-188
14350,Prado Coapa 1A Sección,012,12-130
14357,Prado Coapa 2A Sección,012,12-130
14357,Prado Coapa 3A Sección,012,12-130
14360,Magisterial,012,
14360,Magisterial Coapa,012,
14370,Residencial Chimali,012,12-225
14370,San Lorenzo Huipulco,012,12-153
14370,Villa Lázaro Cárdenas,012,12-194
14376,Arboledas del Sur,012,12-007
14377,Hacienda San Juan,012,12-042
14380,A.M.S.A,012,
14380,San Bartolo El Chico,012,12-148
14386,Rancho los Colorines,012,12-136
14387,Ex Hacienda San Juan de Dios,012,12-042
14388,Guadalupe,012,12-008
14389,Arenal de Guadalupe,012,12-008
14390,Rinconada Las Hadas,012,
14390,Narciso Mendoza,012,12-217
14390,Residencial Villa Coapa,012,12-191
14390,Villa Coapa,012,12-191
14400,San Andrés Totoltepec,012,12-147
14406,Divisadero,012,12-037
14408,Nuevo Renacimiento de Axalco,012,12-110
14409,Tecorral,012,12-167
14410,Bosques de Tepeximilpa,012,12-014
14410,Fuentes Brotantes,012,12-047
14420,Cumbres de Tepetongo,012,12-171
14420,Mesa de los Hornos,012,
14420,Santa Úrsula Xitla,012,12-161
14426,Texcaltenco,012,12-094
14426,Tlaxcaltenco la Mesa,012,
14427,San Juan Tepeximilpa,012,12-151
14427,Tepeximilpa la Paz,012,
14429,Santísima Trinidad,012,12-162
14430,El Truenito,012,
14430,Tlalcoligia,012,12-175
14438,Pedregal de Santa Úrsula Xitla,012,12-161
14439,Pedregal de las Águilas,012,12-116
14440,Los Volcanes,012,12-089
14449,El Mirador 1A Sección,012,12-100
14449,El Mirador 2A Sección,012,12-100
14449,El Mirador 3A Sección,012,12-100
14456,Atocpa,012,12-224
14456,Atocpa Sur,012,12-010
14460,Tlalpuente,012,
14470,Tepetlica,012,12-170
14470,Plan de Ayala,012,12-125
14476,La Palma,012,12-075
14479,Viveros Coatectlán,012,12-199
14480,La Magdalena Petlacalco,012,12-074
14490,San Miguel Xicalco,012,12-154
14500,San Miguel Topilejo,012,12-157
14600,Valle Escondido,012,12-184
14608,Colinas del Bosque,012,
14609,Las Tórtolas,012,12-025
14610,Arenal Tepepan,012,12-009
14620,Club de Golf México,012,
14629,San Buenaventura,012,12-023
14630,Chimalcoyoc,012,12-020
14630,Villa Tlalpan,012,
14640,Ejidos de San Pedro Mártir,012,12-035
14643,Tecoantitla Xolalpa,012,
14643,Fuentes de Tepepan,012,12-048
14646,Valle de Tepepan,012,12-183
14647,Juventud Unida,012,12-068
14647,Movimiento Organizado de Tlalpan,012,12-102
14647,Rinconada El Mirador,012,12-100
14650,San Pedro Mártir,012,12-035
14653,Heróico Colegio Militar,012,
14654,Dolores Tlalli,012,12-034
14655,Valle Verde,012,12-185
14657,Tlalmille,012,12-176
14658,Mirador del Valle,012,12-099
14659,María Esther Zuno de Echeverría,012,12-092
14700,San Miguel Ajusco,012,12-155
14710,Santo Tomas Ajusco,012,12-163
14720,Belvedere Ajusco,012,12-013
14730,Lomas de Cuilotepec,012,12-080
14734,Zacatón,012,12-039
14735,Lomas de Cuilotepec II Sección,012,12-031
14735,Lomas de Tepemecatl,012,12-222
14737,Vistas del Pedregal,012,12-198
14738,Bosques del Pedregal,012,12-016
14739,2 de Octubre,012,12-205
14740,Lomas de Padierna Sur,012,12-079
14748,Mirador I,012,12-100
14748,Mirador II,012,12-101
14749,Chimilli,012,12-022
14760,Héroes de 1910,012,12-055
14900,Parres El Guarda,012,12-115
15000,General Ignacio Zaragoza,017,17-074
15010,Valentín Gómez Farias,017,17-060
15020,Puebla,017,17-053
15100,Zona Centro,017,17-072
15200,Janitzio,017,17-032
15210,Valle Gómez,017,17-061
15220,Nicolás Bravo,017,17-045
15220,Popular Rastro,017,17-050
15230,Emilio Carranza,017,17-025
15240,Michoacana,017,17-039
15250,Ampliación Michoacana,017,17-039
15260,Ampliación 20 de Noviembre,017,17-066
15270,Morelos,017,17-083
15280,Penitenciaria,017,17-046
15290,10 de Mayo,017,17-065
15300,20 de Noviembre,017,17-066
15309,5o Tramo 20 de Noviembre,017,17-066
15310,Felipe Ángeles,017,17-027
15320,Azteca,017,17-009
15330,Tres Mosqueteros,017,17-059
15339,Ampliación Venustiano Carranza,017,17-062
15340,Venustiano Carranza,017,17-062
15350,Ampliación Penitenciaria,017,17-046
15370,Progresista,017,17-052
15380,Escuela de Tiro,017,
15390,7 de Julio,017,17-070
15400,Romero Rubio,017,17-055
15410,Simón Bolívar,017,17-058
15420,Ampliación Simón Bolívar,017,17-058
15430,Aquiles Serdán,017,17-005
15440,1° de Mayo,017,17-065
15450,Damián Carmona,017,17-017
15460,Revolución,017,17-054
15470,Miguel Hidalgo,017,17-041
15500,Moctezuma 1a Sección,017,17-042
15510,Pensador Mexicano,017,17-085
15520,Peñón de los Baños,017,17-047
15530,Moctezuma 2a Sección,017,17-079
15540,Santa Cruz Aviación,017,17-056
15600,Arenal 1a Sección,017,17-018
15610,Cuchilla Pantitlán,017,17-016
15620,México (Licenciado Benito Juárez),017,
15630,Caracol,017,17-012
15640,Arenal 4a Sección,017,17-021
15640,Arenal Puerto Aéreo,017,
15650,Ampliación Caracol,017,17-012
15660,Arenal 3a Sección,017,17-020
15670,Adolfo López Mateos,017,17-002
15680,Arenal 2a Sección,017,17-019
15700,Federal,017,17-026
15710,Industrial Puerto Aéreo,017,17-030
15730,4 Árboles,017,17-015
15740,Aviación Civil,017,17-007
15750,Ampliación Aviación Civil,017,17-007
15800,Jamaica,017,17-031
15810,Merced Balbuena,017,17-038
15820,Lorenzo Boturini,017,17-035
15830,Artes Gráficas,017,17-006
15840,Sevilla,017,17-057
15850,Magdalena Mixiuhca,017,17-036
15860,La Magdalena Mixiuhca,017,17-036
15870,Aarón Sáenz,017,17-001
15900,Jardín Balbuena,017,17-076
15960,Del Parque,017,17-023
15970,Aeronáutica Militar,017,17-003
15980,24 de Abril,017,17-068
15990,Álvaro Obregón,017,17-004
16000,La Concepción Tlacoapa,013,13-020
16000,San Antonio,013,13-036
16000,San Juan,013,13-047
16010,Bosque Residencial del Sur,013,13-005
16010,Las Peritas,013,13-044
16010,Paseos del Sur,013,13-032
16010,San Bartolo El Chico,013,13-037
16020,San Juan Tepepan,013,13-048
16020,Santa María Tepepan,013,13-065
16029,Ampliación Tepepan,013,
16030,Huichapan,013,13-014
16030,La Noria,013,13-081
16030,Potrero de San Bernardino,013,13-033
16030,Ampliación La Noria,013,13-081
16034,18,013,13-003
16035,San Lorenzo La Cebada,013,13-006
16035,Rinconada Coapa,013,
16036,Mercado de Flores Plantas y Hortalizas,013,
16038,Ampliación San Marcos Norte,013,
16040,La Asunción,013,13-017
16040,San Lorenzo,013,13-006
16050,Jardines del Sur,013,13-015
16050,San Marcos,013,13-054
16050,Tierra Nueva,013,13-071
16059,"Pueblo Santiago Tepalcatlalpan, U.H. Rinconada del Sur",013,13-034
16060,El Mirador,013,
16070,Belén,013,
16070,El Rosario,013,13-012
16070,La Guadalupita,013,13-022
16070,Santa Crucita,013,13-059
16080,La Santísima,013,13-024
16080,San Cristóbal,013,13-038
16080,San Diego,013,13-039
16080,San Esteban,013,13-040
16083,Caltongo,013,13-007
16090,San Pedro,013,13-057
16090,Tablas de San Lorenzo,013,13-006
16090,Xaltocan,013,13-073
16100,Santa Cruz Xochitepec,013,13-062
16200,Santiago Tepalcatlalpan,013,13-066
16210,Pueblo Santiago Tepalcatlalpan U.H. Res. Santiago,013,13-066
16210,La Concha,013,13-021
16240,Tlaxopan,013,13-072
16300,San Lucas Xochimanca,013,13-052
16310,La Cañada,013,13-018
16320,San Lucas Oriente,013,
16340,Texmic,013,
16400,San Lorenzo Atemoaya,013,13-006
16410,Lomas de Tonalco,013,
16420,San Jerónimo,013,
16428,El Jazmín,013,
16429,Rancho Tejomulco,013,
16430,Xochipilli,013,
16440,Año de Juárez,013,
16443,Pocitos,013,
16450,Santa María Nativitas,013,13-028
16457,Lomas de Nativitas,013,13-028
16459,Ampliación Nativitas,013,13-028
16500,Santa Cruz Acalpixca,013,13-060
16513,Apatlaco,013,
16513,Del Puente,013,
16514,La Gallera,013,
16514,Tetitla,013,
16514,Calpulco,013,
16520,La Planta,013,
16530,Las Cruces,013,
16530,Las Flores,013,
16533,Ahualapa,013,
16550,Valle de Santa María,013,
16600,San Gregorio Atlapulco,013,13-043
16604,San Andrés,013,13-035
16605,Los Reyes,013,
16606,3 de Mayo,013,
16607,San Antonio,013,13-036
16609,La Candelaria,013,
16610,San Luis Tlaxialtemalco,013,13-053
16614,Niños Héroes,013,
16615,La Asunción,013,13-017
16616,Santa Cecilia,013,13-058
16617,San Sebastián,013,
16620,San José,013,13-045
16629,La Guadalupana,013,
16629,San Juan,013,13-047
16630,San Juan Moyotepec,013,
16640,San Juan Minas,013,
16710,Quirino Mendoza,013,
16720,Del Carmen,013,13-011
16739,San Isidro,013,
16740,Guadalupita,013,13-022
16749,Las Animas,013,
16750,Calyequita,013,
16770,San Felipe,013,
16776,Santiaguito,013,
16776,El Mirador,013,
16780,Cerrillos Primera Sección,013,
16780,El Sacrificio,013,
16780,Cristo Rey,013,13-009
16780,Cerrillos Segunda Sección,013,
16780,Cerrillos Tercera Sección,013,
16797,Nativitas,013,13-028
16799,Las Mesitas,013,13-044
16800,San Mateo Xalpa,013,13-056
16810,San Andrés Ahuayucan,013,13-035
16810,Santa Inés,013,13-063
16810,Rosario Tlali,013,
16813,El Calvario,013,
16840,Santa Cruz Chavarrieta,013,13-061
16850,Chapultepec,013,
16860,Santa Cruz de Guadalupe,013,13-013
16880,Santa Cecilia Tepetlapa,013,13-058
16900,San Francisco Tlalnepantla,013,13-042
